aa,7,dirt.png
ab,7,dirt.png
ac,7,dirt.png
ad,7,dirt.png
ae,7,dirt.png
af,7,dirt.png
ag,7,dirt.png
ah,7,dirt.png
ai,7,dirt.png
aj,7,dirt.png
ak,7,dirt.png
al,7,dirt.png
am,7,dirt.png
an,7,dirt.png
ao,7,dirt.png
ap,7,dirt.png
aq,7,dirt.png
ar,7,dirt.png
as,7,dirt.png
at,7,dirt.png
au,7,dirt.png
av,7,dirt.png
aw,7,dirt.png
ax,7,dirt.png
ay,7,dirt.png
az,7,dirt.png
ba,7,dirt.png
bb,7,dirt.png
bc,7,dirt.png
bd,7,dirt.png
be,7,dirt.png
bf,7,dirt.png
bg,7,dirt.png
bh,7,dirt.png
bi,7,dirt.png
bj,7,dirt.png
bk,7,dirt.png
bl,7,dirt.png
bm,7,dirt.png
bo,7,dirt.png
bn,7,dirt.png
bp,7,dirt.png
bq,7,dirt.png
br,7,dirt.png
bs,7,dirt.png
bt,7,dirt.png
bu,7,dirt.png
bv,7,dirt.png
bw,7,dirt.png
bx,7,dirt.png
by,7,dirt.png
bz,7,dirt.png
ca,7,dirt.png
cb,7,dirt.png
cc,7,dirt.png
cd,7,dirt.png
ce,7,dirt.png
cf,7,dirt.png
cg,7,dirt.png
ch,7,dirt.png
ci,7,dirt.png
cj,7,dirt.png
ck,7,dirt.png
cl,7,dirt.png
cm,7,dirt.png
cn,7,dirt.png
co,7,dirt.png
cp,7,dirt.png
cq,7,dirt.png
cr,7,dirt.png
cs,7,dirt.png
ct,7,dirt.png
cu,7,dirt.png
cv,7,dirt.png
cw,7,dirt.png
cx,7,dirt.png
cy,7,dirt.png
cz,7,dirt.png
da,7,dirt.png
da,7,dirt.png
db,7,dirt.png
dc,7,dirt.png
dd,7,dirt.png
de,7,dirt.png
df,7,dirt.png
dg,7,dirt.png
dh,7,dirt.png
dj,7,dirt.png
di,7,dirt.png
dk,7,dirt.png
dm,7,dirt.png
dl,7,dirt.png
dn,7,dirt.png
do,7,dirt.png
dp,7,dirt.png
dq,7,dirt.png
dr,7,dirt.png
ds,7,dirt.png
dt,7,dirt.png
dv,7,dirt.png
du,7,dirt.png
dw,7,dirt.png
dx,7,dirt.png
dy,7,dirt.png
dz,7,dirt.png
ea,7,dirt.png
eb,7,dirt.png
ec,7,dirt.png
ed,7,dirt.png
ee,7,dirt.png
ef,7,dirt.png
eg,7,dirt.png
eh,7,dirt.png
ei,7,dirt.png
ej,7,dirt.png
ek,7,dirt.png
el,7,dirt.png
em,7,dirt.png
en,7,dirt.png
eo,7,dirt.png
ep,7,dirt.png
eq,7,dirt.png
er,7,dirt.png
es,7,dirt.png
et,7,dirt.png
eu,7,dirt.png
ev,7,dirt.png
ew,7,dirt.png
ex,7,dirt.png
ey,7,dirt.png
ez,7,dirt.png
fa,7,dirt.png
fb,7,dirt.png
fc,7,dirt.png
fd,7,dirt.png
fe,7,dirt.png
ff,7,dirt.png
fg,7,dirt.png
fh,7,dirt.png
fi,7,dirt.png
fj,7,dirt.png
fk,7,dirt.png
fl,7,dirt.png
fm,7,dirt.png
fn,7,dirt.png
fo,7,dirt.png
fp,7,dirt.png
fq,7,dirt.png
fr,7,dirt.png
fs,7,dirt.png
ft,7,dirt.png
fu,7,dirt.png
fv,7,dirt.png
fw,7,dirt.png
fx,7,dirt.png
fy,7,dirt.png
fz,7,dirt.png
ga,7,dirt.png
gb,7,dirt.png
gc,7,dirt.png
gd,7,dirt.png
ge,7,dirt.png
gf,7,dirt.png
gg,7,dirt.png
gh,7,dirt.png
gi,7,dirt.png
gk,7,dirt.png
gj,7,dirt.png
gl,7,dirt.png
gm,7,dirt.png
gn,7,dirt.png
go,7,dirt.png
gp,7,dirt.png
gq,7,dirt.png
gr,7,dirt.png
gs,7,dirt.png
gt,7,dirt.png
gv,7,dirt.png
gu,7,dirt.png
gw,7,dirt.png
gx,7,dirt.png
gy,7,dirt.png
gz,7,dirt.png
hb,7,dirt.png
ha,7,dirt.png
hc,7,dirt.png
hd,7,dirt.png
he,7,dirt.png
hf,7,dirt.png
hg,7,dirt.png
hh,7,dirt.png
hi,7,dirt.png
hj,7,dirt.png
hk,7,dirt.png
hl,7,dirt.png
hm,7,dirt.png
hn,7,dirt.png
ho,7,dirt.png
hp,7,dirt.png
hq,7,dirt.png
hr,7,dirt.png
hs,7,dirt.png
ht,7,dirt.png
hu,7,dirt.png
hv,7,dirt.png
hw,7,dirt.png
hx,7,dirt.png
hy,7,dirt.png
hz,7,dirt.png
ia,7,dirt.png
ib,7,dirt.png
ic,7,dirt.png
id,7,dirt.png
ie,7,dirt.png
if,7,dirt.png
ig,7,dirt.png
ih,7,dirt.png
ii,7,dirt.png
ij,7,dirt.png
ik,7,dirt.png
il,7,dirt.png
im,7,dirt.png
in,7,dirt.png
io,7,dirt.png
ip,7,dirt.png
iq,7,dirt.png
ir,7,dirt.png
is,7,dirt.png
it,7,dirt.png
iu,7,dirt.png
iv,7,dirt.png
iw,7,dirt.png
ix,7,dirt.png
iy,7,dirt.png
iz,7,dirt.png
ja,7,dirt.png
jb,7,dirt.png
jc,7,dirt.png
jd,7,dirt.png
je,7,dirt.png
jf,7,dirt.png
jg,7,dirt.png
jh,7,dirt.png
ji,7,dirt.png
jj,7,dirt.png
jk,7,dirt.png
jl,7,dirt.png
jm,7,dirt.png
jn,7,dirt.png
jo,7,dirt.png
jp,7,dirt.png
jq,7,dirt.png
jr,7,dirt.png
js,7,dirt.png
jt,7,dirt.png
ju,7,dirt.png
jv,7,dirt.png
jw,7,dirt.png
jx,7,dirt.png
jy,7,dirt.png
jz,7,dirt.png
ka,7,dirt.png
kc,7,dirt.png
kb,7,dirt.png
kd,7,dirt.png
ke,7,dirt.png
kf,7,dirt.png
kg,7,dirt.png
kh,7,dirt.png
ki,7,dirt.png
kj,7,dirt.png
kk,7,dirt.png
kl,7,dirt.png
km,7,dirt.png
kn,7,dirt.png
ko,7,dirt.png
kp,7,dirt.png
kq,7,dirt.png
kr,7,dirt.png
ks,7,dirt.png
kt,7,dirt.png
ku,7,dirt.png
kv,7,dirt.png
kw,7,dirt.png
kx,7,dirt.png
ky,7,dirt.png
kz,7,dirt.png
la,7,dirt.png
lb,7,dirt.png
lc,7,dirt.png
ld,7,dirt.png
le,7,dirt.png
lf,7,dirt.png
lg,7,dirt.png
lh,7,dirt.png
li,7,dirt.png
lj,7,dirt.png
ll,7,dirt.png
lk,7,dirt.png
lm,7,dirt.png
ln,7,dirt.png
lo,7,dirt.png
lp,7,dirt.png
lq,7,dirt.png
lr,7,dirt.png
ls,7,dirt.png
lt,7,dirt.png
lu,7,dirt.png
lv,7,dirt.png
lw,7,dirt.png
lx,7,dirt.png
ly,7,dirt.png
lz,7,dirt.png
ma,7,dirt.png
mb,7,dirt.png
mc,7,dirt.png
md,7,dirt.png
me,7,dirt.png
mf,7,dirt.png
mg,7,dirt.png
mh,7,dirt.png
mi,7,dirt.png
mj,7,dirt.png
mk,7,dirt.png
ml,7,dirt.png
mm,7,dirt.png
mn,7,dirt.png
mo,7,dirt.png
mp,7,dirt.png
mq,7,dirt.png
mr,7,dirt.png
ms,7,dirt.png
mt,7,dirt.png
mu,7,dirt.png
mv,7,dirt.png
mw,7,dirt.png
mx,7,dirt.png
my,7,dirt.png
mz,7,dirt.png
na,7,dirt.png
nb,7,dirt.png
nc,7,dirt.png
nd,7,dirt.png
ne,7,dirt.png
nf,7,dirt.png
ng,7,dirt.png
nh,7,dirt.png
ni,7,dirt.png
nj,7,dirt.png
nk,7,dirt.png
nl,7,dirt.png
nm,7,dirt.png
nn,7,dirt.png
no,7,dirt.png
np,7,dirt.png
nq,7,dirt.png
nr,7,dirt.png
ns,7,dirt.png
nt,7,dirt.png
nu,7,dirt.png
nv,7,dirt.png
nw,7,dirt.png
nx,7,dirt.png
ny,7,dirt.png
nz,7,dirt.png
oa,7,dirt.png
ob,7,dirt.png
oc,7,dirt.png
od,7,dirt.png
oe,7,dirt.png
of,7,dirt.png
og,7,dirt.png
oh,7,dirt.png
oi,7,dirt.png
oj,7,dirt.png
ok,7,dirt.png
ol,7,dirt.png
om,7,dirt.png
on,7,dirt.png
oo,7,dirt.png
op,7,dirt.png
oq,7,dirt.png
or,7,dirt.png
os,7,dirt.png
ot,7,dirt.png
ou,7,dirt.png
ov,7,dirt.png
ow,7,dirt.png
ox,7,dirt.png
oy,7,dirt.png
oz,7,dirt.png
pa,7,dirt.png
pb,7,dirt.png
pc,7,dirt.png
pd,7,dirt.png
pe,7,dirt.png
pf,7,dirt.png
pg,7,dirt.png
ph,7,dirt.png
pi,7,dirt.png
pj,7,dirt.png
pk,7,dirt.png
pl,7,dirt.png
pm,7,dirt.png
pn,7,dirt.png
po,7,dirt.png
pp,7,dirt.png
pq,7,dirt.png
pr,7,dirt.png
ps,7,dirt.png
pt,7,dirt.png
pu,7,dirt.png
pv,7,dirt.png
pw,7,dirt.png
px,7,dirt.png
py,7,dirt.png
pz,7,dirt.png
qa,7,dirt.png
qb,7,dirt.png
qc,7,dirt.png
qd,7,dirt.png
qe,7,dirt.png
qf,7,dirt.png
qg,7,dirt.png
qh,7,dirt.png
qi,7,dirt.png
qj,7,dirt.png
qk,7,dirt.png
ql,7,dirt.png
qm,7,dirt.png
qn,7,dirt.png
qo,7,dirt.png
qp,7,dirt.png
qq,7,dirt.png
qr,7,dirt.png
qs,7,dirt.png
qt,7,dirt.png
qu,7,dirt.png
qv,7,dirt.png
qw,7,dirt.png
qx,7,dirt.png
qy,7,dirt.png
qz,7,dirt.png
ra,7,dirt.png
rb,7,dirt.png
rc,7,dirt.png
rd,7,dirt.png
re,7,dirt.png
rf,7,dirt.png
rg,7,dirt.png
rh,7,dirt.png
ri,7,dirt.png
rj,7,dirt.png
rk,7,dirt.png
rl,7,dirt.png
rm,7,dirt.png
rn,7,dirt.png
ro,7,dirt.png
rp,7,dirt.png
rq,7,dirt.png
rr,7,dirt.png
rs,7,dirt.png
rt,7,dirt.png
ru,7,dirt.png
rv,7,dirt.png
rw,7,dirt.png
rx,7,dirt.png
ry,7,dirt.png
rz,7,dirt.png
sa,7,dirt.png
sb,7,dirt.png
sc,7,dirt.png
sd,7,dirt.png
se,7,dirt.png
sf,7,dirt.png
sg,7,dirt.png
sh,7,dirt.png
si,7,dirt.png
sj,7,dirt.png
sk,7,dirt.png
ua,1,water.png
ub,1,water.png
uc,1,water.png
ud,1,water.png
ue,1,water.png
uf,1,water.png
ug,1,water.png
uh,1,water.png
ui,1,water.png
uj,1,water.png
uk,1,water.png
ul,1,water.png
um,1,water.png
un,1,water.png
uo,1,water.png
up,1,water.png
uq,1,water.png
ur,1,water.png
us,1,water.png
ut,1,water.png
uu,1,water.png
uv,1,water.png
uw,1,water.png
ux,1,water.png
uy,1,water.png
uz,1,water.png
va,1,water.png
vb,1,water.png
vc,1,water.png
vd,1,water.png
ve,1,water.png
vf,1,water.png
vg,1,water.png
vh,1,water.png
vi,1,water.png
vj,1,water.png
vk,1,water.png
vl,1,water.png
vm,1,water.png
vn,1,water.png
vo,1,water.png
vp,1,water.png
vq,1,water.png
vr,1,water.png
vs,1,water.png
vt,1,water.png
vu,1,water.png
vv,1,water.png
vw,1,water.png
vx,1,water.png
vy,1,water.png
vz,1,water.png
wa,1,water.png
wb,1,water.png
wc,1,water.png
wd,1,water.png
we,1,water.png
wf,1,water.png
wg,1,water.png
wh,1,water.png
wi,1,water.png
wj,1,water.png
wk,1,water.png
wl,1,water.png
wm,1,water.png
wn,1,water.png
wo,1,water.png
wp,1,water.png
wq,1,water.png
wr,1,water.png
ws,1,water.png
wt,1,water.png
wu,1,water.png
wv,1,water.png
ww,1,water.png
wx,1,water.png
wy,1,water.png
wz,1,water.png
xa,1,water.png
xb,1,water.png
xc,1,water.png
xd,1,water.png
xe,1,water.png
xf,1,water.png
xg,1,water.png
xh,1,water.png
xi,1,water.png
xj,1,water.png
xk,1,water.png
xl,1,water.png
xm,1,water.png
xn,1,water.png
xo,1,water.png
xp,1,water.png
xq,1,water.png
xr,1,water.png
xs,1,water.png
xt,1,water.png
xu,1,water.png
xv,1,water.png
xw,1,water.png
xx,1,water.png
xy,1,water.png
xz,1,water.png
ya,1,water.png
yb,1,water.png
yc,1,water.png
yd,1,water.png
ye,1,water.png
yf,1,water.png
yg,1,water.png
yh,1,water.png
yi,1,water.png
yj,1,water.png
yk,1,water.png
yl,1,water.png
ym,1,water.png
yn,1,water.png
yo,1,water.png
yp,1,water.png
yq,1,water.png
yr,1,water.png
ys,1,water.png
yt,1,water.png
yu,1,water.png
yv,1,water.png
yw,1,water.png
yx,1,water.png
yy,1,water.png
yz,1,water.png
za,1,water.png
zb,1,water.png
zc,1,water.png
zd,1,water.png
ze,1,water.png
zf,1,water.png
zg,1,water.png
zh,1,water.png
zi,1,water.png
zj,1,water.png
zk,1,water.png
zl,1,water.png
zm,1,water.png
zn,1,water.png
zo,1,water.png
zp,1,water.png
zq,1,water.png
zr,1,water.png
zs,1,water.png
zt,1,water.png
zu,1,water.png
zv,1,water.png
zx,1,water.png
zw,1,water.png
zy,1,water.png
zz,1,water.png